Workbook

Sheet 2024 YTD
B2: 2024 Healthcare Performance Dashboard
B3: YTD: Jan–May 2024
B5: Admissions | C5: Total Billing | D5: Average Billing | E5: Average Length of Stay
B6: ='YTD Data'!$A$2 -> 3854 | C6: ='YTD Data'!$B$2 -> 97815657 | D6: ='YTD Data'!$C$2 -> 25380.295 | E6: ='YTD Data'!$D$2 -> 15.767774
B7: ='YTD Data'!$A$4 -> 0.011283128 | C7: ='YTD Data'!$B$4 -> 0.015316619 | D7: ='YTD Data'!$C$4 -> 0.0039884882 | E7: ='YTD Data'!$D$4 -> 0.011479502
E23: *Values through May 5, 2024

Sheet 2024 Admissions Forecast
B2: 2024 Healthcare Financial Breakdown
B5: Total Projected Admissions
B6: ='Forcast Data'!N2 -> 11116.654
B7: ='Forcast Data'!$C$21 -> 0.0082218557
E9: Total
E10: Projected Revenue
E11: ='Forcast Data'!Q2 -> 2.8214396e+08
E12: ='Forcast Data'!E21 -> 0.00059121859

Sheet YTD Data
A1: Admissions | B1: Total Billing | C1: Average Billing | D1: Average length of Stay | E1: Year
A2: 3854 | B2: 97815657 | C2: 25380.295 | D2: 15.767774 | E2: 2024
A3: 3811 | B3: 96340053 | C3: 25279.468 | D3: 15.588822 | E3: 2023
A4: =(A2-A3)/A3 -> 0.011283128 | B4: =(B2-B3)/B3 -> 0.015316619 | C4: =(C2-C3)/C3 -> 0.0039884882 | D4: =(D2-D3)/D3 -> 0.011479502
A6: Admissions | B6: Month | C6: Historic Average | D6: 2024 | F6: Billing | G6: Month | H6: Historic Average | I6: 2024
B7: January | C7: 945.75 | D7: 909 | G7: January | H7: 24272832 | I7: 23437429
B8: February | C8: 843.75 | D8: 880 | G8: February | H8: 21338643 | I8: 22537910
B9: March | C9: 941.5 | D9: 906 | G9: March | H9: 23917058 | I9: 22892160
B10: April | C10: 893 | D10: 946 | G10: April | H10: 22760948 | I10: 23516860
B11: May | C11: 925 | D11: 213 | G11: May | H11: 23340899 | I11: 5431298.5

Sheet Forcast Data
A1: All yrs | B1: Month | C1: Admissions | E1: 2024 | F1: Month | G1: Admissions | H1: Est adm | I1: Actual Revenue | J1: Projected Revenue | L1: YTD Admissions | M1: Expected Remaining Admissions | N1: Expected Full Year Admissions | O1: YTD Revenue | P1: Expected Remaining Revenue | Q1: Expected Full Year Revenue
B2: January | C2: 3783 | D2: =C2/$C$14 -> 0.085474141 | F2: January | G2: 909 | I2: =G2*'YTD Data'!$C$2 -> 23070688 | L2: ='YTD Data'!$A$2 -> 3854 | M2: =N2-L2 -> 7262.6542 | N2: =$G$14 -> 11116.654 | O2: ='YTD Data'!$B$2 -> 97815657 | P2: =Q2-O2 -> 1.8432831e+08 | Q2: =N2*'YTD Data'!$C$2 -> 2.8214396e+08
B3: February | C3: 3375 | D3: =C3/$C$14 -> 0.076255677 | F3: February | G3: 880 | I3: =G3*'YTD Data'!$C$2 -> 22334660
B4: March | C4: 3766 | D4: =C4/$C$14 -> 0.085090038 | F4: March | G4: 906 | I4: =G4*'YTD Data'!$C$2 -> 22994547
B5: April | C5: 3572 | D5: =C5/$C$14 -> 0.080706749 | F5: April | G5: 946 | I5: =G5*'YTD Data'!$C$2 -> 24009759
B6: May | C6: 3700 | D6: =C6/$C$14 -> 0.083598816 | E6: Total | F6: May | G6: =$G$14*D6 -> 929.33913 | H6: =$G$14*D6 -> 929.33913 | I6: =G6*'YTD Data'!$C$2 -> 23586901 | J6: =H6*'YTD Data'!$C$2 -> 23586901
B7: June | C7: 3792 | D7: =C7/$C$14 -> 0.085677489 | E7: estimated | F7: June | H7: =$G$14*D7 -> 952.44702 | J7: =H7*'YTD Data'!$C$2 -> 24173386
B8: July | C8: 3855 | D8: =C8/$C$14 -> 0.087100929 | F8: July | H8: =$G$14*D8 -> 968.2709 | J8: =H8*'YTD Data'!$C$2 -> 24575001
B9: August | C9: 3831 | D9: =C9/$C$14 -> 0.086558666 | F9: August | H9: =$G$14*D9 -> 962.24276 | J9: =H9*'YTD Data'!$C$2 -> 24422005
B10: September | C10: 3610 | D10: =C10/$C$14 -> 0.081565331 | F10: September | H10: =$G$14*D10 -> 906.73358 | J10: =H10*'YTD Data'!$C$2 -> 23013166
B11: October | C11: 3665 | D11: =C11/$C$14 -> 0.082808016 | F11: October | H11: =$G$14*D11 -> 920.54808 | J11: =H11*'YTD Data'!$C$2 -> 23363782
B12: November | C12: 3589 | D12: =C12/$C$14 -> 0.081090852 | F12: November | H12: =$G$14*D12 -> 901.45895 | J12: =H12*'YTD Data'!$C$2 -> 22879294
B13: December | C13: 3721 | D13: =C13/$C$14 -> 0.084073296 | F13: December | H13: =$G$14*D13 -> 934.61376 | J13: =H13*'YTD Data'!$C$2 -> 23720773
A14: Total | C14: =SUM(C2:C13) -> 44259 | D14: =SUM(D2:D13) -> 1 | E14: est Total | G14: =J17/D18 -> 11116.654
I17: 2024 YTD total | J17: =SUM(G2:G5) -> 3641
C18: Jan-Apr | D18: =(SUM(C2:C5))/C14 -> 0.3275266
H19: Hospital | I19: Billed Amount
B20: 2023 admissions | C20: 11026 | D20: 2023 rev | E20: 2.8197725e+08 | H20: Smith PLC | I20: 173434.92
B21: %diff 23-24 | C21: =(G14-C20)/C20 -> 0.0082218557 | E21: =(Q2-E20)/E20 -> 0.00059121859 | H21: Miller LLC | I21: 162093.28
H22: Wilson PLC | I22: 160029.5
H23: Hospital | I23: Billed Amount
H24: Medina and Elliott Stewart | I24: -2633.24
H25: Ltd Wilson | I25: -1520.42
C26: Days Stayed | D26: Billed Amount | H26: Vaughn PLC | I26: -1428.84
C27: 2 | D27: 18856.28
C28: 17 | D28: 30590.54
C29: 27 | D29: 39723.17
C30: 4 | D30: 35776.82
C31: 24 | D31: 29504.39
C32: 21 | D32: 6312.61
C33: 23 | D33: 40782.93
C34: 9 | D34: 10352.21
C35: 11 | D35: 44939.57
C36: 30 | D36: 22356.23
C37: 30 | D37: 48995.98
C38: 2 | D38: 39615.6
... C426: 9 | D426: 11309.95

Sheet Sheet3
A3: Month | B3: YTD Admissions | C3: Estimated Admissions
A4: January | B4: 909
A5: February | B5: 880
A6: March | B6: 906
A7: April | B7: 946
A8: May | C8: 929.33913
A9: June | C9: 952.44702
A10: July | C10: 968.2709
A11: August | C11: 962.24276
A12: September | C12: 906.73358
A13: October | C13: 920.54808
A14: November | C14: 901.45895
A15: December | C15: 934.61376
A16: Grand Total | B16: 3641 | C16: 7475.6542

Sheet Sheet1
A3: Month | B3: Historical Average | C3: YTD 2024
A4: January | B4: 24272832 | C4: 23437429
A5: February | B5: 21338643 | C5: 22537910
A6: March | B6: 23917058 | C6: 22892160
A7: April | B7: 22760948 | C7: 23516860
A8: May* | B8: 23340899 | C8: 5431298.5
A9: Grand Total | B9: 1.1563038e+08 | C9: 97815657

Sheet Sheet2
A3: Month | B3: Historical Average | C3: YTD 2024
A4: January | B4: 945.75 | C4: 909
A5: February | B5: 843.75 | C5: 880
A6: March | B6: 941.5 | C6: 906
A7: April | B7: 893 | C7: 946
A8: May* | B8: 925 | C8: 213
A9: Grand Total | B9: 4549 | C9: 3854
